variant,iou_mean,iou_std,dice_mean,dice_std,bf1_mean,bf1_std,area_mean
Deterministic (T=0),0.9511513923521071,0.02197638478185724,0.9748369366690052,0.011541146963841708,0.6828910899322908,0.19834047001307667,165.5
MC LLM+kNN,0.9479599579856045,0.02444612947719544,0.9731237871470605,0.012902315768229011,0.6679136325294525,0.19766705033257295,223.22395833333334
kNN-only,0.9492051141211562,0.025090883931753096,0.9737744463006083,0.013192463777308582,0.6795762174010345,0.20748267773383872,211.35416666666666
